	subj	gender	vowel	f1	f2
1	F02	f	a	1052	1800
2	F02	f	a	904	1911
3	F02	f	a	606	1829
4	F02	f	a	652	1901
5	F02	f	a	1129	1863
6	F02	f	a	968	1699
7	F02	f	a	1124	1882
8	F02	f	a	924	1876
9	F02	f	a	602	1815
10	F04	f	a	607	1950
11	F04	f	a	887	1702
12	F04	f	a	884	1640
13	F04	f	a	860	1670
14	F04	f	a	884	1631
15	F04	f	a	602	1804
16	F04	f	a	974	1670
17	F04	f	a	588	1929
18	F04	f	a	852	1683
19	M01	m	a	516	1637
20	M01	m	a	679	1421
21	M01	m	a	654	1381
22	M01	m	a	682	1395
23	M01	m	a	479	1505
24	M01	m	a	639	1402
25	M01	m	a	600	1423
26	M01	m	a	470	1603
27	M01	m	a	596	1352
28	M02	m	a	720	1515
29	M02	m	a	537	1526
30	M02	m	a	682	1448
31	M02	m	a	530	1573
32	M02	m	a	712	1447
33	M02	m	a	611	1473
34	M02	m	a	679	1490
35	M02	m	a	489	1485
36	M02	m	a	742	1435
37	M04	m	a	597	1424
38	M04	m	a	434	1402
39	M04	m	a	536	1395
40	M04	m	a	628	1439
41	M04	m	a	587	1516
42	M04	m	a	476	1428
43	M04	m	a	608	1817
44	M04	m	a	502	1524
45	M04	m	a	608	1512
46	F08	f	a	969	1390
47	F08	f	a	960	1708
48	F08	f	a	562	1632
49	F08	f	a	1062	1683
50	F08	f	a	671	1676
51	F08	f	a	957	1777
52	F08	f	a	1005	1729
53	F08	f	a	558	1609
54	F08	f	a	993	1697
55	F09	f	a	923	1482
56	F09	f	a	646	1522
57	F09	f	a	865	1567
58	F09	f	a	612	1364
59	F09	f	a	794	1469
60	F09	f	a	887	1412
61	F09	f	a	798	1359
62	F09	f	a	863	1497
63	F09	f	a	616	1449
64	M03	m	a	496	1505
65	M03	m	a	642	1437
66	M03	m	a	691	1380
67	M03	m	a	684	1326
68	M03	m	a	620	1407
69	M03	m	a	513	1467
70	M03	m	a	532	1421
71	M03	m	a	706	1336
72	M03	m	a	619	1358
73	F02	f	a	971	1531
74	F02	f	a	1083	1796
75	F02	f	a	787	1947
76	F02	f	a	803	1960
77	F02	f	a	1050	1557
78	F02	f	a	1106	1660
79	F02	f	a	1064	1599
80	F02	f	a	962	1575
81	F02	f	a	817	2048
82	F04	f	a	608	1248
83	F04	f	a	921	1491
84	F04	f	a	885	1413
85	F04	f	a	895	1469
86	F04	f	a	906	1443
87	F04	f	a	666	2025
88	F04	f	a	620	2000
89	F04	f	a	854	1432
90	F04	f	a	958	1474
91	M01	m	a	616	1538
92	M01	m	a	696	1200
93	M01	m	a	714	1311
94	M01	m	a	671	1319
95	M01	m	a	656	1180
96	M01	m	a	560	1615
97	M01	m	a	641	1274
98	M01	m	a	530	1745
99	M01	m	a	680	1199
100	M02	m	a	731	1281
101	M02	m	a	775	1237
102	M02	m	a	575	1657
103	M02	m	a	737	1261
104	M02	m	a	768	1357
105	M02	m	a	624	1592
106	M02	m	a	531	1644
107	M02	m	a	707	1320
108	M02	m	a	740	1275
109	M04	m	a	776	1342
110	M04	m	a	619	1487
111	M04	m	a	608	1285
112	M04	m	a	585	1305
113	M04	m	a	702	1240
114	M04	m	a	584	1971
115	M04	m	a	543	1638
116	M04	m	a	579	1236
117	M04	m	a	690	1247
118	F08	f	a	1038	1560
119	F08	f	a	985	1509
120	F08	f	a	697	2004
121	F08	f	a	972	1591
122	F08	f	a	977	1623
123	F08	f	a	740	1945
124	F08	f	a	1041	1630
125	F08	f	a	921	1490
126	F08	f	a	766	2009
127	F09	f	a	799	1383
128	F09	f	a	869	1275
129	F09	f	a	622	1614
130	F09	f	a	601	1520
131	F09	f	a	882	1381
132	F09	f	a	822	1312
133	F09	f	a	896	1345
134	F09	f	a	600	1650
135	F09	f	a	832	1337
136	M03	m	a	697	1313
137	M03	m	a	520	1543
138	M03	m	a	758	1360
139	M03	m	a	738	1355
140	M03	m	a	676	1352
141	M03	m	a	526	1534
142	M03	m	a	701	1303
143	M03	m	a	745	1355
144	M03	m	a	526	1514
145	F02	f	a	939	1529
146	F02	f	a	738	1947
147	F02	f	a	1041	1683
148	F02	f	a	1027	1648
149	F02	f	a	1076	1730
150	F02	f	a	746	2007
151	F02	f	a	1022	1535
152	F02	f	a	767	1982
153	F02	f	a	988	1454
154	F04	f	a	927	1528
155	F04	f	a	858	1421
156	F04	f	a	663	1940
157	F04	f	a	671	1983
158	F04	f	a	805	1447
159	F04	f	a	930	1499
160	F04	f	a	940	1550
161	F04	f	a	668	2000
162	F04	f	a	909	1486
163	M01	m	a	687	1293
164	M01	m	a	568	1637
165	M01	m	a	673	1177
166	M01	m	a	626	1269
167	M01	m	a	571	1556
168	M01	m	a	638	1233
169	M01	m	a	671	1262
170	M01	m	a	631	1239
171	M01	m	a	580	1615
172	M02	m	a	663	1594
173	M02	m	a	780	1344
174	M02	m	a	788	1326
175	M02	m	a	803	1341
176	M02	m	a	773	1318
177	M02	m	a	643	1662
178	M02	m	a	778	1271
179	M02	m	a	576	1544
180	M02	m	a	750	1234
181	M04	m	a	404	1262
182	M04	m	a	524	1573
183	M04	m	a	574	1631
184	M04	m	a	618	1646
185	M04	m	a	595	1236
186	M04	m	a	596	1613
187	F08	f	a	1004	1497
188	F08	f	a	914	1423
189	F08	f	a	741	1942
190	F08	f	a	886	1621
191	F08	f	a	953	1419
192	F08	f	a	680	1968
193	F08	f	a	869	1720
194	F08	f	a	607	1813
195	F08	f	a	978	1528
196	F09	f	a	646	1753
197	F09	f	a	836	1362
198	F09	f	a	840	1440
199	F09	f	a	770	1473
200	F09	f	a	634	1766
201	F09	f	a	842	1426
202	F09	f	a	789	1614
203	F09	f	a	625	1755
204	F09	f	a	814	1426
205	M03	m	a	662	1405
206	M03	m	a	710	1389
207	M03	m	a	552	1485
208	M03	m	a	703	1400
209	M03	m	a	684	1423
210	M03	m	a	548	1485
211	M03	m	a	682	1279
212	M03	m	a	503	1523
213	M03	m	a	685	1392
214	F02	f	a	1003	2124
215	F02	f	a	727	1646
216	F02	f	a	753	1924
217	F02	f	a	704	1712
218	F02	f	a	791	2082
219	F02	f	a	1110	1877
220	F02	f	a	729	1646
221	F02	f	a	762	2064
222	F02	f	a	1085	1887
223	F04	f	a	650	2082
224	F04	f	a	674	1856
225	F04	f	a	900	1661
226	F04	f	a	637	1971
227	F04	f	a	653	1718
228	F04	f	a	906	1596
229	F04	f	a	647	1857
230	F04	f	a	891	1698
231	F04	f	a	700	1951
232	M01	m	a	727	1431
233	M01	m	a	562	1514
234	M01	m	a	650	1529
235	M01	m	a	618	1497
236	M01	m	a	739	1399
237	M01	m	a	507	1429
238	M01	m	a	687	1470
239	M01	m	a	534	1411
240	M01	m	a	619	1516
241	M02	m	a	701	1541
242	M02	m	a	670	1499
243	M02	m	a	756	1515
244	M02	m	a	782	1472
245	M02	m	a	686	1654
246	M02	m	a	647	1450
247	M02	m	a	591	1571
248	M02	m	a	791	1444
249	M02	m	a	632	1557
250	M04	m	a	503	1326
251	M04	m	a	590	1648
252	M04	m	a	703	1456
253	M04	m	a	605	1238
254	M04	m	a	387	1430
255	M04	m	a	476	1296
256	M04	m	a	493	1296
257	M04	m	a	715	1310
258	M04	m	a	568	1441
259	F08	f	a	808	1986
260	F08	f	a	706	1643
261	F08	f	a	1075	1611
262	F08	f	a	1015	1691
263	F08	f	a	887	1849
264	F08	f	a	533	1446
265	F08	f	a	648	1435
266	F08	f	a	883	1891
267	F08	f	a	1014	1755
268	F09	f	a	564	1546
269	F09	f	a	888	1575
270	F09	f	a	783	1697
271	F09	f	a	752	1750
272	F09	f	a	529	1451
273	F09	f	a	855	1606
274	F09	f	a	828	1549
275	F09	f	a	702	1710
276	F09	f	a	646	1467
277	M03	m	a	690	1470
278	M03	m	a	599	1502
279	M03	m	a	535	1477
280	M03	m	a	601	1384
281	M03	m	a	617	1452
282	M03	m	a	691	1468
283	M03	m	a	678	1444
284	M03	m	a	585	1489
285	M03	m	a	534	1332
286	F02	f	a	803	1796
287	F02	f	a	1018	1928
288	F02	f	a	919	1751
289	F02	f	a	923	1499
290	F02	f	a	811	1688
291	F02	f	a	1034	1675
292	F02	f	a	946	1730
293	F02	f	a	805	1683
294	F02	f	a	1127	1783
295	F04	f	a	711	1828
296	F04	f	a	903	1755
297	F04	f	a	896	1532
298	F04	f	a	944	1598
299	F04	f	a	637	1719
300	F04	f	a	980	1674
301	F04	f	a	866	1553
302	F04	f	a	890	1647
303	F04	f	a	661	1736
304	M01	m	a	598	1332
305	M01	m	a	505	1568
306	M01	m	a	651	1363
307	M01	m	a	501	1607
308	M01	m	a	601	1331
309	M01	m	a	486	1504
310	M02	m	a	794	1481
311	M02	m	a	674	1442
312	M02	m	a	758	1446
313	M02	m	a	631	1558
314	M02	m	a	763	1512
315	M02	m	a	651	1500
316	M04	m	a	514	1283
317	M04	m	a	664	1402
318	M04	m	a	502	1569
319	M04	m	a	598	1382
320	M04	m	a	460	1354
321	M04	m	a	630	1331
322	M04	m	a	568	1588
323	M04	m	a	578	1702
324	M04	m	a	540	1217
325	F08	f	a	1063	1691
326	F08	f	a	961	1819
327	F08	f	a	682	1547
328	F08	f	a	923	1782
329	F08	f	a	1019	1829
330	F08	f	a	629	1654
331	F08	f	a	1041	1628
332	F08	f	a	945	1773
333	F09	f	a	760	1418
334	F09	f	a	800	1562
335	F09	f	a	809	1542
336	F09	f	a	821	1463
337	F09	f	a	591	1458
338	F09	f	a	572	1517
339	F09	f	a	874	1623
340	F09	f	a	800	1540
341	M03	m	a	672	1531
342	M03	m	a	689	1413
343	M03	m	a	544	1472
344	M03	m	a	629	1504
345	M03	m	a	537	1422
346	M03	m	a	663	1421
347	M03	m	a	532	1483
348	M03	m	a	707	1409
349	M03	m	a	645	1477
350	F02	f	e	679	2327
351	F02	f	e	581	2355
352	F02	f	e	733	2249
353	F02	f	e	534	2150
354	F02	f	e	734	2145
355	F02	f	e	693	2316
356	F02	f	e	723	2271
357	F02	f	e	694	2157
358	F02	f	e	450	2133
359	F04	f	e	734	1983
360	F04	f	e	689	1955
361	F04	f	e	466	2157
362	F04	f	e	516	2134
363	F04	f	e	688	1886
364	F04	f	e	672	1931
365	F04	f	e	732	1964
366	F04	f	e	576	2206
367	F04	f	e	775	1843
368	M01	m	e	434	1880
369	M01	m	e	412	1912
370	M01	m	e	474	1801
371	M01	m	e	465	1796
372	M01	m	e	466	1984
373	M01	m	e	395	1873
374	M01	m	e	398	1659
375	M01	m	e	475	1820
376	M01	m	e	483	1807
377	M02	m	e	605	1724
378	M02	m	e	515	1921
379	M02	m	e	497	1695
380	M02	m	e	509	1678
381	M02	m	e	552	1848
382	M02	m	e	621	1754
383	M02	m	e	534	1724
384	M02	m	e	490	1789
385	M02	m	e	598	1788
386	M04	m	e	563	1919
387	M04	m	e	520	1708
388	M04	m	e	401	1739
389	M04	m	e	528	1932
390	M04	m	e	429	1648
391	M04	m	e	556	1785
392	M04	m	e	464	2036
393	M04	m	e	514	1943
394	M04	m	e	590	1762
395	F08	f	e	473	2673
396	F08	f	e	442	2598
397	F08	f	e	387	2511
398	F08	f	e	410	2634
399	F08	f	e	404	2701
400	F08	f	e	509	2652
401	F08	f	e	489	2628
402	F08	f	e	405	2632
403	F08	f	e	381	2701
404	F09	f	e	455	2501
405	F09	f	e	463	2345
406	F09	f	e	414	2217
407	F09	f	e	422	2223
408	F09	f	e	451	2388
409	F09	f	e	408	2311
410	F09	f	e	414	2241
411	F09	f	e	453	2401
412	F09	f	e	396	2400
413	M03	m	e	378	2018
414	M03	m	e	390	2013
415	M03	m	e	418	2102
416	M03	m	e	343	2116
417	M03	m	e	414	2135
418	M03	m	e	382	2016
419	M03	m	e	393	2018
420	M03	m	e	374	1972
421	M03	m	e	411	2081
422	F02	f	e	821	2190
423	F02	f	e	830	2055
424	F02	f	e	636	2235
425	F02	f	e	811	2162
426	F02	f	e	918	2139
427	F02	f	e	561	2347
428	F02	f	e	531	2266
429	F02	f	e	905	2105
430	F02	f	e	765	1948
431	F04	f	e	805	1876
432	F04	f	e	610	2223
433	F04	f	e	575	2223
434	F04	f	e	764	1812
435	F04	f	e	566	2350
436	F04	f	e	794	2000
437	M01	m	e	601	1548
438	M01	m	e	577	1525
439	M01	m	e	503	1816
440	M01	m	e	545	1500
441	M01	m	e	509	1835
442	M01	m	e	563	1541
443	M01	m	e	603	1456
444	M01	m	e	462	1848
445	M01	m	e	589	1519
446	M02	m	e	669	1798
447	M02	m	e	634	1645
448	M02	m	e	512	1805
449	M02	m	e	675	1651
450	M02	m	e	517	1862
451	M02	m	e	662	1618
452	M02	m	e	530	1928
453	M02	m	e	606	1581
454	M02	m	e	611	1608
455	M04	m	e	561	2004
456	M04	m	e	661	1707
457	M04	m	e	620	1774
458	M04	m	e	526	2048
459	M04	m	e	542	1714
460	M04	m	e	526	1688
461	M04	m	e	482	1994
462	M04	m	e	606	1593
463	M04	m	e	586	1850
464	F08	f	e	815	2121
465	F08	f	e	661	2158
466	F08	f	e	829	2042
467	F08	f	e	854	2050
468	F08	f	e	570	2260
469	F08	f	e	869	2066
470	F08	f	e	691	2154
471	F08	f	e	848	2051
472	F08	f	e	799	2178
473	F09	f	e	704	1909
474	F09	f	e	599	1931
475	F09	f	e	703	1798
476	F09	f	e	681	1868
477	F09	f	e	599	1872
478	F09	f	e	669	1758
479	F09	f	e	602	1990
480	F09	f	e	681	1839
481	F09	f	e	696	1933
482	M03	m	e	471	1751
483	M03	m	e	577	1623
484	M03	m	e	583	1688
485	M03	m	e	590	1636
486	M03	m	e	585	1705
487	M03	m	e	443	1735
488	M03	m	e	454	1765
489	M03	m	e	579	1702
490	M03	m	e	560	1595
491	F02	f	e	606	1843
492	F02	f	e	829	2099
493	F02	f	e	472	2579
494	F02	f	e	634	2364
495	F02	f	e	722	1809
496	F02	f	e	544	2440
497	F02	f	e	761	2084
498	F02	f	e	460	2619
499	F02	f	e	608	2455
500	F04	f	e	716	1935
501	F04	f	e	499	2327
502	F04	f	e	560	2298
503	F04	f	e	521	2302
504	F04	f	e	572	2194
505	F04	f	e	723	1902
506	F04	f	e	549	2270
507	F04	f	e	487	2349
508	F04	f	e	685	1907
509	M01	m	e	553	1473
510	M01	m	e	480	1859
511	M01	m	e	499	1815
512	M01	m	e	585	1536
513	M01	m	e	444	1820
514	M01	m	e	458	1780
515	M01	m	e	556	1534
516	M01	m	e	487	1756
517	M02	m	e	632	1684
518	M02	m	e	560	1859
519	M02	m	e	528	1787
520	M02	m	e	531	1916
521	M02	m	e	567	1881
522	M02	m	e	632	1686
523	M02	m	e	493	1848
524	M02	m	e	568	1828
525	M02	m	e	632	1676
526	M04	m	e	573	1655
527	M04	m	e	509	1838
528	M04	m	e	446	1848
529	M04	m	e	547	1674
530	M04	m	e	491	1902
531	M04	m	e	463	2086
532	M04	m	e	457	2021
533	M04	m	e	548	1641
534	M04	m	e	472	2169
535	F08	f	e	555	2254
536	F08	f	e	554	2235
537	F08	f	e	783	2143
538	F08	f	e	559	2214
539	F08	f	e	555	2293
540	F08	f	e	791	2049
541	F08	f	e	767	2070
542	F08	f	e	505	2177
543	F08	f	e	530	2203
544	F09	f	e	637	1866
545	F09	f	e	540	2165
546	F09	f	e	555	2180
547	F09	f	e	654	1772
548	F09	f	e	627	1770
549	F09	f	e	541	2148
550	M03	m	e	404	1885
551	M03	m	e	553	1672
552	M03	m	e	409	1876
553	M03	m	e	572	1649
554	M03	m	e	574	1654
555	M03	m	e	432	1824
556	F02	f	e	599	2331
557	F02	f	e	782	2192
558	F02	f	e	771	1987
559	F02	f	e	786	1945
560	F02	f	e	763	2072
561	F02	f	e	600	2244
562	F02	f	e	573	2291
563	F02	f	e	810	1886
564	F02	f	e	718	2257
565	F04	f	e	703	2024
566	F04	f	e	552	2206
567	F04	f	e	722	1950
568	F04	f	e	725	1952
569	F04	f	e	546	2169
570	F04	f	e	757	1991
571	F04	f	e	730	1988
572	F04	f	e	561	2146
573	F04	f	e	716	1864
574	M01	m	e	513	1805
575	M01	m	e	533	1751
576	M01	m	e	468	1718
577	M01	m	e	491	1632
578	M01	m	e	512	1612
579	M01	m	e	501	1672
580	M01	m	e	537	1571
581	M01	m	e	468	1719
582	M01	m	e	507	1643
583	M02	m	e	597	1591
584	M02	m	e	562	1742
585	M02	m	e	638	1698
586	M02	m	e	563	1778
587	M02	m	e	633	1795
588	M02	m	e	672	1679
589	M02	m	e	625	1668
590	M02	m	e	625	1751
591	M02	m	e	572	1783
592	M04	m	e	435	1809
593	M04	m	e	495	1903
594	M04	m	e	494	1717
595	M04	m	e	542	1793
596	M04	m	e	506	2106
597	M04	m	e	502	1876
598	M04	m	e	505	1698
599	M04	m	e	565	2040
600	F08	f	e	734	2080
601	F08	f	e	838	2025
602	F08	f	e	510	2207
603	F08	f	e	783	1997
604	F08	f	e	548	2164
605	F08	f	e	708	2075
606	F08	f	e	724	2095
607	F08	f	e	703	2054
608	F08	f	e	515	2232
609	F09	f	e	632	1946
610	F09	f	e	535	2095
611	F09	f	e	617	1939
612	F09	f	e	587	1953
613	F09	f	e	651	1917
614	F09	f	e	554	2132
615	F09	f	e	536	2114
616	F09	f	e	592	1973
617	F09	f	e	690	1935
618	M03	m	e	440	1809
619	M03	m	e	582	1805
620	M03	m	e	559	1775
621	M03	m	e	480	1759
622	M03	m	e	566	1733
623	M03	m	e	598	1745
624	M03	m	e	577	1789
625	M03	m	e	476	1794
626	M03	m	e	563	1772
627	F02	f	e	809	2117
628	F02	f	e	890	2081
629	F02	f	e	745	2391
630	F02	f	e	783	2334
631	F02	f	e	837	1888
632	F02	f	e	830	1765
633	F02	f	e	740	2249
634	F02	f	e	766	2310
635	F02	f	e	807	1953
636	F04	f	e	777	2075
637	F04	f	e	723	2031
638	F04	f	e	549	2086
639	F04	f	e	661	2015
640	F04	f	e	592	2111
641	F04	f	e	706	2101
642	F04	f	e	636	1963
643	F04	f	e	773	1946
644	F04	f	e	614	2100
645	M01	m	e	506	1781
646	M01	m	e	486	1800
647	M01	m	e	504	1679
648	M01	m	e	468	1753
649	M01	m	e	472	1801
650	M01	m	e	497	1732
651	M02	m	e	601	1763
652	M02	m	e	581	1724
653	M02	m	e	564	1844
654	M02	m	e	607	1792
655	M02	m	e	674	1748
656	M02	m	e	632	1703
657	M02	m	e	602	1677
658	M02	m	e	646	1662
659	M02	m	e	615	1799
660	M04	m	e	487	1936
661	M04	m	e	573	1697
662	M04	m	e	499	1764
663	M04	m	e	558	1589
664	M04	m	e	548	1632
665	M04	m	e	503	1993
666	F08	f	e	526	2670
667	F08	f	e	430	2687
668	F08	f	e	460	2586
669	F08	f	e	630	2568
670	F08	f	e	507	2589
671	F08	f	e	523	2204
672	F08	f	e	534	2482
673	F09	f	e	485	1899
674	F09	f	e	446	1956
675	F09	f	e	546	1861
676	M03	m	e	412	1947
677	M03	m	e	452	1952
678	M03	m	e	345	2179
679	M03	m	e	358	2194
680	M03	m	e	456	1913
681	M03	m	e	436	1798
682	M03	m	e	482	1861
683	M03	m	e	441	1786
684	M03	m	e	384	2201
685	F02	f	i	272	2960
686	F02	f	i	379	2650
687	F02	f	i	266	2970
688	F02	f	i	335	2939
689	F02	f	i	278	2970
690	F02	f	i	389	2728
691	F02	f	i	375	2536
692	F02	f	i	293	3006
693	F02	f	i	290	3012
694	F04	f	i	311	2765
695	F04	f	i	364	2708
696	F04	f	i	338	2576
697	F04	f	i	326	2762
698	F04	f	i	415	2476
699	F04	f	i	330	2782
700	F04	f	i	424	2609
701	F04	f	i	366	2780
702	F04	f	i	353	2688
703	M01	m	i	271	2391
704	M01	m	i	270	2514
705	M01	m	i	249	2388
706	M01	m	i	277	2330
707	M01	m	i	257	2414
708	M01	m	i	263	2577
709	M01	m	i	286	2388
710	M01	m	i	303	2326
711	M01	m	i	262	2480
712	M02	m	i	314	2246
713	M02	m	i	280	2299
714	M02	m	i	363	2108
715	M02	m	i	277	2551
716	M02	m	i	331	2374
717	M02	m	i	351	2312
718	M02	m	i	295	2491
719	M02	m	i	273	2418
720	M02	m	i	331	2231
721	M04	m	i	313	2428
722	M04	m	i	275	2382
723	M04	m	i	327	2295
724	M04	m	i	352	2186
725	M04	m	i	299	2341
726	M04	m	i	313	2380
727	M04	m	i	328	2208
728	M04	m	i	322	2215
729	M04	m	i	352	2194
730	F08	f	i	407	2907
731	F08	f	i	363	2622
732	F08	f	i	355	2998
733	F08	f	i	372	2935
734	F08	f	i	364	2994
735	F08	f	i	408	2878
736	F08	f	i	385	3048
737	F08	f	i	350	2976
738	F08	f	i	413	2905
739	F09	f	i	281	2617
740	F09	f	i	347	2691
741	F09	f	i	350	2622
742	F09	f	i	265	2556
743	F09	f	i	343	2749
744	F09	f	i	385	2603
745	F09	f	i	263	2596
746	F09	f	i	339	2808
747	F09	f	i	341	2650
748	M03	m	i	285	2366
749	M03	m	i	296	2194
750	M03	m	i	319	2180
751	M03	m	i	299	2349
752	M03	m	i	275	2201
753	M03	m	i	327	2214
754	M03	m	i	306	2191
755	M03	m	i	295	2334
756	M03	m	i	284	2211
757	F02	f	i	462	2716
758	F02	f	i	498	2371
759	F02	f	i	416	2314
760	F02	f	i	447	2703
761	F02	f	i	408	2392
762	F02	f	i	533	2487
763	F02	f	i	410	2397
764	F02	f	i	492	2571
765	F02	f	i	473	2699
766	F04	f	i	495	2455
767	F04	f	i	455	2631
768	F04	f	i	509	2411
769	F04	f	i	446	2597
770	F04	f	i	508	2319
771	F04	f	i	485	2327
772	F04	f	i	479	2311
773	F04	f	i	477	2568
774	F04	f	i	431	2588
775	M01	m	i	338	2133
776	M01	m	i	378	2252
777	M01	m	i	350	2114
778	M01	m	i	325	2173
779	M01	m	i	407	2078
780	M01	m	i	351	2155
781	M01	m	i	317	2195
782	M01	m	i	376	2101
783	M01	m	i	364	2190
784	M02	m	i	399	2118
785	M02	m	i	380	2216
786	M02	m	i	345	2188
787	M02	m	i	394	2111
788	M02	m	i	365	2308
789	M02	m	i	403	2253
790	M02	m	i	383	2180
791	M02	m	i	389	1949
792	M02	m	i	436	2126
793	M04	m	i	329	2249
794	M04	m	i	436	1996
795	M04	m	i	368	2235
796	M04	m	i	423	2091
797	M04	m	i	389	2297
798	M04	m	i	388	2215
799	M04	m	i	338	2163
800	M04	m	i	412	2045
801	M04	m	i	374	2212
802	F08	f	i	410	2750
803	F08	f	i	467	2574
804	F08	f	i	494	2661
805	F08	f	i	493	2715
806	F08	f	i	457	2473
807	F08	f	i	375	2806
808	F08	f	i	441	2661
809	F08	f	i	411	2790
810	F08	f	i	419	2631
811	F09	f	i	480	2433
812	F09	f	i	416	2502
813	F09	f	i	456	2391
814	F09	f	i	374	2468
815	F09	f	i	484	2225
816	F09	f	i	436	2370
817	F09	f	i	468	2401
818	F09	f	i	461	2357
819	F09	f	i	410	2461
820	F09	f	i	356	2371
821	M03	m	i	350	2089
822	M03	m	i	300	2089
823	M03	m	i	307	2137
824	M03	m	i	289	2189
825	M03	m	i	325	1945
826	M03	m	i	348	2166
827	M03	m	i	316	2118
828	M03	m	i	322	2106
829	M03	m	i	335	1946
830	M03	m	i	335	2077
831	M03	m	i	306	2132
832	M03	m	i	387	2094
833	F02	f	i	408	3026
834	F02	f	i	356	2950
835	F02	f	i	372	2943
836	F02	f	i	402	2859
837	F02	f	i	320	2837
838	F02	f	i	331	2789
839	F02	f	i	346	2827
840	F02	f	i	406	2894
841	F02	f	i	406	2740
842	F04	f	i	378	2650
843	F04	f	i	418	2703
844	F04	f	i	422	2753
845	F04	f	i	428	2436
846	F04	f	i	356	2676
847	F04	f	i	439	2609
848	F04	f	i	363	2782
849	F04	f	i	407	2533
850	F04	f	i	424	2657
851	F04	f	i	443	2477
852	F04	f	i	391	2782
853	F04	f	i	338	2705
854	M01	m	i	329	2262
855	M01	m	i	356	2238
856	M01	m	i	367	2221
857	M01	m	i	382	2286
858	M01	m	i	314	2256
859	M01	m	i	310	2199
860	M01	m	i	349	2145
861	M01	m	i	343	2225
862	M01	m	i	359	2172
863	M02	m	i	346	2136
864	M02	m	i	423	2021
865	M02	m	i	375	2177
866	M02	m	i	369	2242
867	M02	m	i	389	2134
868	M02	m	i	428	2676
869	M02	m	i	411	2133
870	M02	m	i	372	2277
871	M02	m	i	353	2232
872	M04	m	i	379	2156
873	M04	m	i	303	2241
874	M04	m	i	389	1506
875	M04	m	i	400	2014
876	M04	m	i	376	2227
877	M04	m	i	329	2341
878	M04	m	i	373	2070
879	M04	m	i	376	2108
880	F08	f	i	410	2544
881	F08	f	i	427	2640
882	F08	f	i	474	2498
883	F08	f	i	403	2593
884	F08	f	i	402	2190
885	F08	f	i	463	2459
886	F09	f	i	338	2495
887	F09	f	i	425	2437
888	F09	f	i	276	2491
889	F09	f	i	392	2553
890	F09	f	i	372	2624
891	F09	f	i	349	2532
892	F09	f	i	363	2560
893	F09	f	i	391	2524
894	M03	m	i	318	2191
895	M03	m	i	324	2162
896	M03	m	i	310	2231
897	M03	m	i	344	1981
898	M03	m	i	346	2156
899	M03	m	i	295	2187
900	M03	m	i	308	2320
901	M03	m	i	335	2103
902	M03	m	i	321	2126
903	F02	f	i	361	2758
904	F02	f	i	322	2799
905	F02	f	i	331	2836
906	F02	f	i	296	2775
907	F02	f	i	337	3077
908	F02	f	i	407	2716
909	F02	f	i	330	2738
910	F02	f	i	268	2777
911	F02	f	i	380	2596
912	F04	f	i	412	2783
913	F04	f	i	434	2682
914	F04	f	i	440	2655
915	F04	f	i	450	2578
916	F04	f	i	439	2649
917	F04	f	i	429	2649
918	M01	m	i	270	2540
919	M01	m	i	323	2445
920	M01	m	i	322	2327
921	M01	m	i	329	2386
922	M01	m	i	297	2276
923	M01	m	i	295	2412
924	M01	m	i	322	2222
925	M01	m	i	299	2427
926	M01	m	i	293	2395
927	M02	m	i	300	2167
928	M02	m	i	378	2176
929	M02	m	i	362	2273
930	M02	m	i	358	2120
931	M02	m	i	294	2212
932	M02	m	i	359	2328
933	M02	m	i	302	2130
934	M02	m	i	391	2220
935	M02	m	i	367	2097
936	M04	m	i	287	2414
937	M04	m	i	300	2283
938	M04	m	i	304	2410
939	M04	m	i	337	2224
940	M04	m	i	327	2316
941	F08	f	i	417	2775
942	F08	f	i	333	2849
943	F08	f	i	429	2670
944	F08	f	i	413	2539
945	F08	f	i	427	2635
946	F08	f	i	347	2761
947	F08	f	i	409	2649
948	F08	f	i	392	2591
949	F08	f	i	354	2601
950	F09	f	i	376	2603
951	F09	f	i	375	2744
952	F09	f	i	410	2626
953	M03	m	i	273	2182
954	M03	m	i	309	2355
955	M03	m	i	312	2285
956	M03	m	i	258	2207
957	M03	m	i	294	2097
958	M03	m	i	298	2258
959	F02	f	i	355	3163
960	F02	f	i	348	3037
961	F02	f	i	271	3012
962	F02	f	i	319	2813
963	F02	f	i	303	2506
964	F02	f	i	372	2973
965	F02	f	i	369	2745
966	F02	f	i	345	2964
967	F02	f	i	334	2188
968	F04	f	i	290	2610
969	F04	f	i	427	2698
970	F04	f	i	420	2855
971	F04	f	i	419	2709
972	F04	f	i	407	2832
973	F04	f	i	396	2678
974	F04	f	i	385	2637
975	F04	f	i	426	2858
976	F04	f	i	437	2634
977	M01	m	i	307	2406
978	M01	m	i	253	2349
979	M01	m	i	328	2208
980	M01	m	i	298	2402
981	M01	m	i	313	2342
982	M01	m	i	322	2295
983	M01	m	i	315	2121
984	M02	m	i	347	2258
985	M02	m	i	283	2204
986	M02	m	i	393	1814
987	M02	m	i	323	2208
988	M02	m	i	374	2285
989	M02	m	i	373	2224
990	M02	m	i	344	2250
991	M02	m	i	303	2279
992	M02	m	i	401	2159
993	M04	m	i	295	2288
994	M04	m	i	386	2009
995	M04	m	i	274	2292
996	M04	m	i	375	2110
997	M04	m	i	358	2431
998	M04	m	i	285	2351
999	M04	m	i	346	2220
1000	M04	m	i	326	2236
1001	M04	m	i	330	2261
1002	M04	m	i	294	2269
1003	M04	m	i	370	2097
1004	M04	m	i	372	2344
1005	F08	f	i	371	2838
1006	F08	f	i	392	2629
1007	F08	f	i	392	2686
1008	F08	f	i	407	2552
1009	F08	f	i	371	2727
1010	F08	f	i	409	2736
1011	F08	f	i	398	2572
1012	F08	f	i	410	2559
1013	F08	f	i	413	2552
1014	F08	f	i	406	2599
1015	F08	f	i	382	2682
1016	F08	f	i	390	2653
1017	F09	f	i	294	2569
1018	F09	f	i	377	2602
1019	F09	f	i	302	2517
1020	F09	f	i	386	2556
1021	F09	f	i	287	2568
1022	F09	f	i	313	2529
1023	F09	f	i	372	2614
1024	F09	f	i	248	2611
1025	M03	m	i	309	2072
1026	M03	m	i	286	2288
1027	M03	m	i	295	2218
1028	M03	m	i	297	2242
1029	M03	m	i	317	2165
1030	M03	m	i	325	2151
1031	M03	m	i	296	2199
1032	M03	m	i	296	2365
1033	F02	f	o	433	971
1034	F02	f	o	444	1053
1035	F02	f	o	677	1131
1036	F02	f	o	488	1077
1037	F02	f	o	435	1131
1038	F02	f	o	553	983
1039	F02	f	o	505	1108
1040	F02	f	o	648	1090
1041	F02	f	o	428	1060
1042	F04	f	o	439	993
1043	F04	f	o	437	946
1044	F04	f	o	630	1076
1045	F04	f	o	446	913
1046	F04	f	o	441	1079
1047	F04	f	o	570	972
1048	F04	f	o	576	1032
1049	F04	f	o	431	961
1050	F04	f	o	427	1034
1051	M01	m	o	463	982
1052	M01	m	o	393	936
1053	M01	m	o	405	906
1054	M01	m	o	382	841
1055	M01	m	o	407	924
1056	M01	m	o	397	926
1057	M01	m	o	402	1088
1058	M01	m	o	466	1030
1059	M02	m	o	479	971
1060	M02	m	o	459	906
1061	M02	m	o	415	897
1062	M02	m	o	489	993
1063	M02	m	o	409	994
1064	M02	m	o	432	881
1065	M02	m	o	402	975
1066	M02	m	o	447	873
1067	M02	m	o	545	1025
1068	M04	m	o	447	1107
1069	M04	m	o	380	915
1070	M04	m	o	376	976
1071	M04	m	o	432	980
1072	M04	m	o	385	839
1073	M04	m	o	408	972
1074	M04	m	o	403	957
1075	M04	m	o	464	919
1076	M04	m	o	409	906
1077	F08	f	o	392	975
1078	F08	f	o	442	978
1079	F08	f	o	490	913
1080	F08	f	o	491	1094
1081	F08	f	o	516	1032
1082	F08	f	o	420	923
1083	F08	f	o	517	1089
1084	F08	f	o	466	883
1085	F08	f	o	438	1035
1086	F09	f	o	443	873
1087	F09	f	o	436	919
1088	F09	f	o	498	942
1089	F09	f	o	528	959
1090	F09	f	o	487	1040
1091	F09	f	o	408	931
1092	F09	f	o	458	908
1093	F09	f	o	422	895
1094	F09	f	o	491	967
1095	M03	m	o	448	976
1096	M03	m	o	399	932
1097	M03	m	o	436	932
1098	M03	m	o	438	943
1099	M03	m	o	394	844
1100	M03	m	o	449	962
1101	M03	m	o	413	895
1102	M03	m	o	429	961
1103	M03	m	o	393	937
1104	F02	f	o	706	1297
1105	F02	f	o	753	1454
1106	F02	f	o	827	1264
1107	F02	f	o	668	1245
1108	F02	f	o	852	1307
1109	F02	f	o	726	1484
1110	F02	f	o	820	1278
1111	F02	f	o	676	1515
1112	F02	f	o	699	1281
1113	F04	f	o	553	1032
1114	F04	f	o	754	1168
1115	F04	f	o	649	1357
1116	F04	f	o	615	1405
1117	F04	f	o	505	1058
1118	F04	f	o	734	1108
1119	F04	f	o	604	1389
1120	F04	f	o	524	963
1121	F04	f	o	751	1166
1122	M01	m	o	486	997
1123	M01	m	o	499	1068
1124	M01	m	o	507	1347
1125	M01	m	o	441	980
1126	M01	m	o	506	1359
1127	M01	m	o	470	1031
1128	M01	m	o	458	987
1129	M01	m	o	487	1314
1130	M01	m	o	473	1006
1131	M02	m	o	569	1040
1132	M02	m	o	521	1113
1133	M02	m	o	602	1176
1134	M02	m	o	565	1040
1135	M02	m	o	586	1139
1136	M02	m	o	547	1178
1137	M02	m	o	598	1244
1138	M02	m	o	517	931
1139	M02	m	o	519	1068
1140	M04	m	o	472	1003
1141	M04	m	o	534	1095
1142	M04	m	o	452	1243
1143	M04	m	o	468	981
1144	M04	m	o	539	1290
1145	M04	m	o	512	1029
1146	M04	m	o	519	1048
1147	M04	m	o	494	965
1148	M04	m	o	513	1096
1149	F08	f	o	434	1029
1150	F08	f	o	619	1348
1151	F08	f	o	489	1068
1152	F08	f	o	543	1023
1153	F08	f	o	620	1315
1154	F08	f	o	605	1169
1155	F08	f	o	636	1324
1156	F08	f	o	569	1196
1157	F08	f	o	511	983
1158	F09	f	o	495	931
1159	F09	f	o	593	1076
1160	F09	f	o	646	1034
1161	F09	f	o	661	1100
1162	F09	f	o	592	1054
1163	F09	f	o	510	980
1164	F09	f	o	578	1046
1165	F09	f	o	503	969
1166	F09	f	o	620	1094
1167	M03	m	o	495	1202
1168	M03	m	o	467	1014
1169	M03	m	o	583	1163
1170	M03	m	o	471	1039
1171	M03	m	o	487	1156
1172	M03	m	o	548	1163
1173	M03	m	o	480	1154
1174	M03	m	o	532	1174
1175	M03	m	o	466	959
1176	F02	f	o	780	1231
1177	F02	f	o	765	1329
1178	F02	f	o	832	1132
1179	F02	f	o	766	1290
1180	F02	f	o	683	1061
1181	F02	f	o	799	1243
1182	F02	f	o	746	1229
1183	F02	f	o	776	1257
1184	F02	f	o	713	1209
1185	F04	f	o	710	1187
1186	F04	f	o	625	971
1187	F04	f	o	792	1151
1188	F04	f	o	700	1186
1189	F04	f	o	731	1071
1190	F04	f	o	699	1072
1191	F04	f	o	633	1044
1192	F04	f	o	783	1238
1193	F04	f	o	750	1237
1194	M01	m	o	528	1027
1195	M01	m	o	553	1092
1196	M01	m	o	540	883
1197	M01	m	o	532	935
1198	M01	m	o	547	1058
1199	M01	m	o	504	993
1200	M01	m	o	516	1043
1201	M01	m	o	527	955
1202	M02	m	o	695	1154
1203	M02	m	o	649	1117
1204	M02	m	o	618	912
1205	M02	m	o	635	1101
1206	M02	m	o	632	978
1207	M02	m	o	660	1100
1208	M02	m	o	640	1112
1209	M02	m	o	621	1161
1210	M02	m	o	585	928
1211	M04	m	o	521	1192
1212	M04	m	o	504	859
1213	M04	m	o	543	1154
1214	M04	m	o	519	829
1215	M04	m	o	544	1039
1216	M04	m	o	501	1066
1217	M04	m	o	497	799
1218	M04	m	o	508	1108
1219	M04	m	o	506	1048
1220	F08	f	o	764	1247
1221	F08	f	o	813	1319
1222	F08	f	o	631	946
1223	F08	f	o	812	1153
1224	F08	f	o	728	1179
1225	F08	f	o	586	1042
1226	F08	f	o	783	1501
1227	F08	f	o	765	1069
1228	F09	f	o	675	999
1229	F09	f	o	654	1106
1230	F09	f	o	641	1021
1231	F09	f	o	679	991
1232	F09	f	o	632	1013
1233	F09	f	o	642	1132
1234	F09	f	o	627	922
1235	F09	f	o	666	1037
1236	F09	f	o	616	1028
1237	M03	m	o	601	982
1238	M03	m	o	561	1084
1239	M03	m	o	579	962
1240	M03	m	o	562	1013
1241	M03	m	o	644	1092
1242	M03	m	o	577	1185
1243	M03	m	o	560	885
1244	M03	m	o	588	1011
1245	M03	m	o	603	1091
1246	F02	f	o	741	1265
1247	F02	f	o	743	1273
1248	F02	f	o	762	1127
1249	F02	f	o	754	1239
1250	F02	f	o	767	1165
1251	F02	f	o	847	1194
1252	F02	f	o	828	1183
1253	F02	f	o	804	1272
1254	F02	f	o	753	1243
1255	F04	f	o	697	1120
1256	F04	f	o	723	1112
1257	F04	f	o	829	1122
1258	F04	f	o	789	1195
1259	F04	f	o	716	1111
1260	F04	f	o	856	1203
1261	F04	f	o	739	1178
1262	F04	f	o	814	1216
1263	F04	f	o	802	1142
1264	M01	m	o	579	1072
1265	M01	m	o	564	949
1266	M01	m	o	571	920
1267	M01	m	o	518	935
1268	M01	m	o	554	1053
1269	M01	m	o	564	1048
1270	M01	m	o	547	1002
1271	M01	m	o	575	1050
1272	M01	m	o	571	1038
1273	M02	m	o	640	1117
1274	M02	m	o	596	1011
1275	M02	m	o	591	1074
1276	M02	m	o	619	1067
1277	M02	m	o	639	1115
1278	M02	m	o	619	1084
1279	M02	m	o	643	1113
1280	M02	m	o	611	1029
1281	M02	m	o	616	1071
1282	M04	m	o	579	1136
1283	M04	m	o	548	1099
1284	M04	m	o	513	1116
1285	M04	m	o	512	1054
1286	M04	m	o	511	1014
1287	M04	m	o	494	943
1288	M04	m	o	500	1092
1289	M04	m	o	539	885
1290	M04	m	o	539	1170
1291	F08	f	o	859	1096
1292	F08	f	o	725	1077
1293	F08	f	o	896	1265
1294	F08	f	o	815	1259
1295	F08	f	o	854	1212
1296	F08	f	o	895	1260
1297	F08	f	o	857	1303
1298	F08	f	o	723	1100
1299	F08	f	o	784	1255
1300	F09	f	o	644	987
1301	F09	f	o	676	1059
1302	F09	f	o	634	1015
1303	F09	f	o	648	1035
1304	F09	f	o	682	1046
1305	F09	f	o	661	1026
1306	F09	f	o	712	1038
1307	F09	f	o	633	1008
1308	F09	f	o	623	1081
1309	M03	m	o	622	984
1310	M03	m	o	608	1101
1311	M03	m	o	602	1044
1312	M03	m	o	627	1090
1313	M03	m	o	625	999
1314	M03	m	o	646	1062
1315	M03	m	o	644	997
1316	M03	m	o	588	1108
1317	M03	m	o	619	1128
1318	F02	f	o	437	923
1319	F02	f	o	754	1176
1320	F02	f	o	495	1091
1321	F02	f	o	786	1267
1322	F02	f	o	516	1041
1323	F02	f	o	522	1080
1324	F02	f	o	765	1183
1325	F02	f	o	567	1113
1326	F02	f	o	485	998
1327	F04	f	o	423	1048
1328	F04	f	o	674	1127
1329	F04	f	o	424	900
1330	F04	f	o	427	867
1331	F04	f	o	448	942
1332	F04	f	o	657	1146
1333	F04	f	o	703	1157
1334	F04	f	o	429	974
1335	F04	f	o	445	1055
1336	M01	m	o	422	1065
1337	M01	m	o	487	1157
1338	M01	m	o	410	907
1339	M01	m	o	422	930
1340	M01	m	o	473	1079
1341	M01	m	o	413	1027
1342	M01	m	o	420	1030
1343	M01	m	o	413	949
1344	M02	m	o	501	1012
1345	M02	m	o	553	1067
1346	M02	m	o	464	863
1347	M02	m	o	510	992
1348	M02	m	o	630	1109
1349	M02	m	o	500	909
1350	M02	m	o	485	889
1351	M02	m	o	483	1028
1352	M02	m	o	622	1084
1353	M04	m	o	420	811
1354	M04	m	o	532	1101
1355	M04	m	o	438	927
1356	M04	m	o	384	898
1357	M04	m	o	402	880
1358	M04	m	o	554	1152
1359	M04	m	o	486	1065
1360	M04	m	o	430	690
1361	M04	m	o	444	710
1362	F08	f	o	482	993
1363	F08	f	o	540	1307
1364	F08	f	o	473	1130
1365	F08	f	o	450	966
1366	F08	f	o	487	1153
1367	F08	f	o	396	1000
1368	F09	f	o	380	855
1369	F09	f	o	681	1043
1370	F09	f	o	634	1051
1371	F09	f	o	418	858
1372	F09	f	o	648	1065
1373	M03	m	o	600	1134
1374	M03	m	o	383	871
1375	M03	m	o	394	944
1376	M03	m	o	588	1102
1377	M03	m	o	405	955
1378	M03	m	o	605	1123
1379	F02	f	u	377	1088
1380	F02	f	u	428	830
1381	F02	f	u	457	1123
1382	F02	f	u	513	1002
1383	F02	f	u	443	968
1384	F02	f	u	372	919
1385	F02	f	u	457	812
1386	F02	f	u	331	796
1387	F02	f	u	485	997
1388	F04	f	u	475	985
1389	F04	f	u	509	955
1390	F04	f	u	487	779
1391	F04	f	u	481	962
1392	F04	f	u	471	682
1393	F04	f	u	506	958
1394	F04	f	u	461	677
1395	F04	f	u	448	1085
1396	M01	m	u	315	664
1397	M01	m	u	286	803
1398	M01	m	u	320	806
1399	M01	m	u	295	825
1400	M01	m	u	330	762
1401	M01	m	u	319	855
1402	M01	m	u	309	832
1403	M01	m	u	295	682
1404	M01	m	u	319	808
1405	M02	m	u	308	848
1406	M02	m	u	374	947
1407	M02	m	u	420	802
1408	M02	m	u	391	810
1409	M02	m	u	316	905
1410	M02	m	u	418	1076
1411	M02	m	u	317	949
1412	M02	m	u	371	783
1413	M02	m	u	398	1082
1414	M04	m	u	402	949
1415	M04	m	u	312	668
1416	M04	m	u	382	789
1417	M04	m	u	377	740
1418	M04	m	u	413	998
1419	M04	m	u	393	858
1420	M04	m	u	377	775
1421	M04	m	u	376	672
1422	M04	m	u	377	820
1423	F08	f	u	387	938
1424	F08	f	u	416	870
1425	F08	f	u	383	1022
1426	F08	f	u	366	986
1427	F08	f	u	462	934
1428	F08	f	u	501	768
1429	F08	f	u	381	1057
1430	F08	f	u	364	811
1431	F08	f	u	352	881
1432	F09	f	u	465	768
1433	F09	f	u	457	917
1434	F09	f	u	381	879
1435	F09	f	u	382	834
1436	F09	f	u	467	930
1437	F09	f	u	489	758
1438	F09	f	u	393	884
1439	F09	f	u	454	1011
1440	F09	f	u	494	767
1441	M03	m	u	380	856
1442	M03	m	u	323	668
1443	M03	m	u	329	777
1444	M03	m	u	317	747
1445	M03	m	u	400	883
1446	M03	m	u	373	730
1447	M03	m	u	372	875
1448	M03	m	u	316	839
1449	M03	m	u	359	717
1450	F02	f	u	530	1301
1451	F02	f	u	491	985
1452	F02	f	u	575	968
1453	F02	f	u	566	916
1454	F02	f	u	564	1334
1455	F02	f	u	584	945
1456	F02	f	u	599	958
1457	F02	f	u	582	1377
1458	F02	f	u	537	856
1459	F04	f	u	489	1068
1460	F04	f	u	531	944
1461	F04	f	u	503	971
1462	F04	f	u	505	1099
1463	F04	f	u	515	973
1464	F04	f	u	522	1022
1465	F04	f	u	469	849
1466	F04	f	u	452	1087
1467	F04	f	u	510	942
1468	M01	m	u	417	851
1469	M01	m	u	420	1016
1470	M01	m	u	408	859
1471	M01	m	u	393	1183
1472	M01	m	u	440	901
1473	M01	m	u	418	855
1474	M01	m	u	416	803
1475	M01	m	u	436	857
1476	M01	m	u	402	1135
1477	M02	m	u	410	851
1478	M02	m	u	422	1272
1479	M02	m	u	422	786
1480	M02	m	u	405	854
1481	M02	m	u	412	1303
1482	M02	m	u	401	771
1483	M02	m	u	409	748
1484	M02	m	u	416	1168
1485	M02	m	u	432	869
1486	M04	m	u	469	1383
1487	M04	m	u	412	723
1488	M04	m	u	397	678
1489	M04	m	u	416	819
1490	M04	m	u	432	752
1491	M04	m	u	395	1307
1492	M04	m	u	412	1297
1493	M04	m	u	418	916
1494	M04	m	u	424	829
1495	F08	f	u	427	850
1496	F08	f	u	511	1040
1497	F08	f	u	515	934
1498	F08	f	u	510	1285
1499	F08	f	u	456	886
1500	F08	f	u	494	896
1501	F08	f	u	525	1489
1502	F08	f	u	479	845
1503	F08	f	u	467	931
1504	F09	f	u	501	1067
1505	F09	f	u	503	965
1506	F09	f	u	497	1001
1507	F09	f	u	540	876
1508	F09	f	u	516	879
1509	F09	f	u	501	1034
1510	F09	f	u	488	1175
1511	F09	f	u	503	1027
1512	F09	f	u	477	919
1513	M03	m	u	430	1198
1514	M03	m	u	376	756
1515	M03	m	u	360	777
1516	M03	m	u	376	789
1517	M03	m	u	427	1153
1518	M03	m	u	435	760
1519	M03	m	u	428	765
1520	M03	m	u	376	796
1521	M03	m	u	430	1133
1522	F02	f	u	394	821
1523	F02	f	u	403	883
1524	F02	f	u	453	1332
1525	F02	f	u	422	884
1526	F02	f	u	463	1345
1527	F02	f	u	455	723
1528	F02	f	u	424	880
1529	F02	f	u	468	837
1530	F02	f	u	448	1292
1531	F04	f	u	455	1264
1532	F04	f	u	456	753
1533	F04	f	u	446	625
1534	F04	f	u	424	1078
1535	F04	f	u	482	852
1536	F04	f	u	452	823
1537	F04	f	u	465	1220
1538	F04	f	u	418	866
1539	F04	f	u	437	831
1540	M01	m	u	395	804
1541	M01	m	u	372	707
1542	M01	m	u	378	1194
1543	M01	m	u	414	790
1544	M01	m	u	382	893
1545	M01	m	u	355	816
1546	M01	m	u	403	1159
1547	M02	m	u	410	1201
1548	M02	m	u	405	854
1549	M02	m	u	417	754
1550	M02	m	u	417	1160
1551	M02	m	u	411	769
1552	M02	m	u	397	819
1553	M02	m	u	411	762
1554	M02	m	u	382	715
1555	M02	m	u	427	1174
1556	M04	m	u	408	1290
1557	M04	m	u	411	709
1558	M04	m	u	301	722
1559	M04	m	u	389	1298
1560	M04	m	u	389	783
1561	M04	m	u	366	489
1562	M04	m	u	385	841
1563	M04	m	u	391	1317
1564	M04	m	u	340	562
1565	F08	f	u	370	960
1566	F08	f	u	404	1104
1567	F08	f	u	429	866
1568	F08	f	u	367	951
1569	F08	f	u	497	993
1570	F08	f	u	415	1123
1571	F08	f	u	381	938
1572	F08	f	u	407	1287
1573	F08	f	u	438	876
1574	F09	f	u	466	851
1575	F09	f	u	445	694
1576	F09	f	u	452	1126
1577	F09	f	u	474	896
1578	F09	f	u	462	703
1579	F09	f	u	445	1041
1580	F09	f	u	437	1098
1581	F09	f	u	473	711
1582	F09	f	u	483	744
1583	M03	m	u	380	1060
1584	M03	m	u	383	728
1585	M03	m	u	403	751
1586	M03	m	u	406	993
1587	M03	m	u	362	831
1588	M03	m	u	378	758
1589	M03	m	u	390	819
1590	M03	m	u	401	1021
1591	F02	f	u	424	1242
1592	F02	f	u	392	1139
1593	F02	f	u	466	1033
1594	F02	f	u	404	1091
1595	F02	f	u	439	1208
1596	F02	f	u	474	1030
1597	F02	f	u	475	997
1598	F02	f	u	411	1067
1599	F02	f	u	425	1077
1600	F04	f	u	456	1134
1601	F04	f	u	428	974
1602	F04	f	u	485	622
1603	F04	f	u	469	1140
1604	F04	f	u	467	971
1605	F04	f	u	424	950
1606	F04	f	u	431	1131
1607	F04	f	u	464	1063
1608	F04	f	u	480	681
1609	M01	m	u	368	934
1610	M01	m	u	343	927
1611	M01	m	u	404	981
1612	M01	m	u	307	879
1613	M01	m	u	376	900
1614	M01	m	u	353	950
1615	M01	m	u	372	996
1616	M01	m	u	321	926
1617	M01	m	u	385	868
1618	M02	m	u	420	1083
1619	M02	m	u	422	1047
1620	M02	m	u	392	1129
1621	M02	m	u	422	1108
1622	M02	m	u	420	1049
1623	M02	m	u	404	1258
1624	M02	m	u	427	1076
1625	M02	m	u	384	1093
1626	M02	m	u	426	1091
1627	M04	m	u	379	735
1628	M04	m	u	388	951
1629	M04	m	u	415	1146
1630	M04	m	u	322	771
1631	M04	m	u	344	948
1632	M04	m	u	384	631
1633	M04	m	u	396	926
1634	M04	m	u	377	986
1635	M04	m	u	339	753
1636	M04	m	u	367	814
1637	M04	m	u	426	1006
1638	M04	m	u	370	907
1639	F08	f	u	437	916
1640	F08	f	u	415	1040
1641	F08	f	u	402	1161
1642	F08	f	u	389	1064
1643	F08	f	u	388	1172
1644	F08	f	u	438	973
1645	F08	f	u	412	1080
1646	F08	f	u	404	1089
1647	F08	f	u	404	1088
1648	F08	f	u	372	1165
1649	F08	f	u	409	1099
1650	F08	f	u	406	832
1651	F09	f	u	450	708
1652	F09	f	u	414	1044
1653	F09	f	u	398	960
1654	F09	f	u	450	918
1655	F09	f	u	425	697
1656	F09	f	u	389	1014
1657	F09	f	u	416	1047
1658	F09	f	u	396	1036
1659	F09	f	u	403	993
1660	F09	f	u	439	1009
1661	F09	f	u	423	1099
1662	M03	m	u	360	941
1663	M03	m	u	321	720
1664	M03	m	u	334	956
1665	M03	m	u	374	954
1666	M03	m	u	361	896
1667	M03	m	u	404	1100
1668	M03	m	u	349	923
1669	M03	m	u	338	842
1670	M03	m	u	351	909
1671	M03	m	u	356	935
1672	M03	m	u	386	963
1673	M03	m	u	388	959
1674	F02	f	u	396	1040
1675	F02	f	u	402	884
1676	F02	f	u	428	1153
1677	F02	f	u	444	1134
1678	F02	f	u	420	869
1679	F02	f	u	449	1039
1680	F02	f	u	448	888
1681	F02	f	u	455	973
1682	F02	f	u	449	1127
1683	F04	f	u	433	1015
1684	F04	f	u	476	1079
1685	F04	f	u	466	1041
1686	F04	f	u	453	1066
1687	F04	f	u	440	1131
1688	F04	f	u	451	857
1689	F04	f	u	430	727
1690	F04	f	u	424	854
1691	F04	f	u	446	1076
1692	M01	m	u	300	866
1693	M01	m	u	368	726
1694	M01	m	u	295	833
1695	M01	m	u	353	820
1696	M01	m	u	347	954
1697	M01	m	u	393	1023
1698	M01	m	u	383	853
1699	M02	m	u	391	1171
1700	M02	m	u	458	814
1701	M02	m	u	442	795
1702	M02	m	u	387	1030
1703	M02	m	u	419	783
1704	M02	m	u	406	1107
1705	M04	m	u	389	702
1706	M04	m	u	399	821
1707	M04	m	u	362	703
1708	F08	f	u	393	1183
1709	F08	f	u	400	835
1710	F08	f	u	402	767
1711	F08	f	u	392	1312
1712	F08	f	u	412	775
1713	F08	f	u	424	1376
1714	F09	f	u	404	1093
1715	F09	f	u	463	766
1716	F09	f	u	396	1188
1717	F09	f	u	468	763
1718	F09	f	u	412	1158
1719	F09	f	u	455	744
1720	M03	m	u	319	1156
1721	M03	m	u	374	845
1722	M03	m	u	323	1049
1723	M03	m	u	381	777
1724	M03	m	u	367	1239
1725	M03	m	u	373	704
